xc,xoop,xip,ip,oop,complete
0.026275506,0.026275506,0.011513334,0,0,14.0866364
0.078826517,0.078826517,0.034540001,0,0,13.603164
0.13137753,0.13137753,0.057566669,11.0000118,0,13.9575364
0.18392855,0.18392855,0.080593333,11.4547884,0,13.2950062
0.23647955,0.23647955,0.10362001,12.0528386,0,13.8328992
0.28903058,0.28903058,0.12664667,10.423391,0,14.5230616
0.34158158,0.34158158,0.14967334,12.209444,14.311385,14.4345466
0.39413258,0.39413258,0.1727,12.491905,14.957971,14.9148744
0.44668362,0.44668362,0.19572668,12.3917806,17.3413932,15.6396518
0.49923462,0.49923462,0.21875334,12.2700424,19.9934774,16.3704636
0.55178565,0.55178565,0.24178001,13.022392,21.5133494,16.669593
0.60433662,0.60433662,0.26480669,12.7648954,23.9380902,17.639146
0.65688765,0.65688765,0.28783333,12.66306,23.482499,17.9006944
0.70943868,0.70943868,0.31086001,13.067597,24.6652828,18.7054358
0.76198965,0.76198965,0.33388668,13.027108,27.583193,19.5931462
0.81454068,0.81454068,0.35691336,11.8952946,33.0465652,20.6959352
0.86709172,0.86709172,0.37994,11.2911674,35.2988516,21.7011734
0.91964275,0.91964275,0.40296668,12.3501336,45.5156712,23.1096708
0.97219372,0.97219372,0.42599335,13.1288082,53.805516,25.186269
1.0247447,1.0247447,0.44902003,12.2322674,69.8724718,27.15615
1.0772958,1.0772958,0.47204667,13.3951722,92.447152,30.488908
1.1298468,1.1298468,0.49507335,13.1010126,154.154176,36.898263
1.1823977,1.1823977,0.51810002,11.6297568,340.92848,52.724394
1.2349488,1.2349488,0.54112667,12.4686588,2247.437808,150.185174
1.2874998,1.2874998,0.56415337,12.4949228,30073.09668,1339.407838
1.3400508,1.3400508,0.58718002,12.9824746,43693.2502,1979.7791
1.3926018,1.3926018,0.61020666,13.5035558,34145.7952,1685.5639
1.4451529,1.4451529,0.63323337,14.2453298,29971.90046,1514.99692
1.4977039,1.4977039,0.65626001,14.0976102,26363.64692,1345.4098
1.5502548,1.5502548,0.67928672,13.4436328,23035.40574,1190.40028
1.6028059,1.6028059,0.70231336,12.7391632,20250.23038,1065.5887
1.6553569,1.6553569,0.72534001,12.1260108,17958.24892,974.92696
1.7079079,1.7079079,0.74836671,12.1999366,15019.91748,884.52528
1.7604589,1.7604589,0.77139336,12.999289,13545.6523,813.68056
1.81301,1.81301,0.79442,13.3272748,12026.03588,749.4767
1.8655609,1.8655609,0.81744671,13.4107632,10663.78374,692.83152
1.9181119,1.9181119,0.84047335,12.6110128,9594.39776,661.72776
1.970663,1.970663,0.86350006,13.586892,8696.66648,626.17218
2.0232139,2.0232139,0.8865267,13.7540408,7867.68508,596.70114
2.0757649,2.0757649,0.90955335,12.7420928,7206.64482,571.25328
2.1283159,2.1283159,0.93258005,13.1142032,6702.83986,550.02102
2.180867,2.180867,0.9556067,13.7661822,6229.81812,532.18912
2.233418,2.233418,0.97863334,13.682698,5770.57588,513.56916
2.285969,2.285969,1.00166,12.5462154,5483.78082,501.4516
2.3385201,2.3385201,1.0246867,12.0034352,5240.0479,488.63708
2.3910711,2.3910711,1.0477134,12.0654498,4942.96364,486.29556
2.4436221,2.4436221,1.07074,12.8636838,4743.99988,485.70994
2.4961731,2.4961731,1.0937667,12.9342258,4719.14408,491.8285
2.5487242,2.5487242,1.1167934,13.2960672,4907.4447,503.4359
2.6012752,2.6012752,1.1398201,13.917869,5252.66738,525.62482
2.6538262,2.6538262,1.1628467,13.1713422,5422.81516,543.18822
2.706377,2.706377,1.1858734,12.6319376,5615.34022,568.3821
2.7589281,2.7589281,1.2089001,12.6702042,6554.90088,631.12294
2.8114791,2.8114791,1.2319267,12.8727428,8416.20766,735.42044
2.8640301,2.8640301,1.2549534,12.8710712,10286.22024,827.19304
2.9165812,2.9165812,1.2779801,13.0652362,10773.97204,856.03824
2.9691322,2.9691322,1.3010067,13.4528706,9433.61084,793.19198
3.0216832,3.0216832,1.3240334,13.3768116,7471.4982,689.72692
3.0742342,3.0742342,1.3470601,12.9866806,6052.47574,612.75686
3.1267853,3.1267853,1.3700867,13.2436636,5815.70876,590.5244
3.1793363,3.1793363,1.3931134,12.7608814,5999.5444,582.14454
3.2318873,3.2318873,1.4161401,12.6929822,5656.78374,549.126
3.2844384,3.2844384,1.4391667,13.3297694,4534.30332,481.42546
3.3369894,3.3369894,1.4621934,16.714775,3119.20912,400.2086
3.3895402,3.3895402,1.4852201,25.521721,1898.64334,328.43122
3.4420912,3.4420912,1.5082468,35.549438,1183.66226,282.81816
3.4946423,3.4946423,1.5312734,43.361226,801.3194,260.3417
3.5471933,3.5471933,1.5543001,53.302296,637.47628,246.87805
3.5997443,3.5997443,1.5773268,62.75574,525.18616,239.09049
3.6522954,3.6522954,1.6003534,67.110628,437.07586,228.91554
3.7048464,3.7048464,1.6233801,73.61116,356.0666,221.7359
3.7573974,3.7573974,1.6464068,79.34869,301.55182,215.79117
3.8099484,3.8099484,1.6694334,82.33391,280.88726,212.59021
3.8624995,3.8624995,1.6924601,90.49009,275.59834,208.07255
3.9150505,3.9150505,1.7154868,99.49979,260.07554,204.68888
3.9676015,3.9676015,1.7385134,102.64128,241.47868,199.9624
4.0201526,4.0201526,1.7615401,107.016,240.66088,197.83956
4.0727034,4.0727034,1.7845668,113.70483,229.69001,196.53145
4.1252546,4.1252546,1.8075933,120.13554,231.56041,196.17804
4.1778054,4.1778054,1.8306201,128.82999,230.50346,190.91119
4.2303567,4.2303567,1.8536468,130.4708,216.11667,188.02432
4.2829075,4.2829075,1.8766735,132.17603,212.87971,187.64779
4.3354588,4.3354588,1.8997,142.74852,215.07324,186.10112
4.3880095,4.3880095,1.9227268,149.35236,216.06238,182.23203
4.4405603,4.4405603,1.9457535,152.92271,211.27149,180.07496
4.4931116,4.4931116,1.96878,151.43552,202.12656,178.57532
4.5456624,4.5456624,1.9918067,160.20815,215.15705,176.63056
4.5982137,4.5982137,2.0148335,171.47047,213.94618,173.72607
4.6507645,4.6507645,2.0378602,172.21803,203.87278,171.05918
4.7033157,4.7033157,2.0608869,165.18566,213.40733,170.30401
4.7558665,4.7558665,2.0839133,166.44414,210.49632,168.49818
4.8084178,4.8084178,2.10694,174.54745,206.04011,169.14872
4.8609686,4.8609686,2.1299667,180.87494,201.61055,164.96532
4.9135199,4.9135199,2.1529934,184.35319,214.19198,165.15795
4.9660707,4.9660707,2.1760201,189.60981,216.88769,163.44661
5.0186219,5.0186219,2.1990469,193.51163,212.05247,163.89243
5.0711727,5.0711727,2.2220733,193.62783,214.3946,163.25341
5.1237235,5.1237235,2.2451,195.07702,222.94632,162.64909
5.1762748,5.1762748,2.2681267,196.95332,231.7085,161.85813
5.2288256,5.2288256,2.2911534,197.59809,245.08811,161.12253
5.2813768,5.2813768,2.3141801,197.78646,261.85337,161.04615
5.3339276,5.3339276,2.3372068,193.49168,275.37203,163.99464
5.3864789,5.3864789,2.3602333,193.3716,310.18851,166.78085
5.4390297,5.4390297,2.38326,195.99674,358.45406,168.11565
5.491581,5.491581,2.4062867,195.75861,416.19128,171.61326
5.5441318,5.5441318,2.4293134,194.64042,484.85616,178.54306
5.596683,5.596683,2.4523401,202.71653,576.75194,185.00581
5.6492338,5.6492338,2.4753668,208.60233,710.99746,195.71923
5.7017851,5.7017851,2.4983935,210.71495,867.09956,207.31633
5.7543359,5.7543359,2.52142,208.70893,1029.26176,218.31468
5.8068867,5.8068867,2.5444467,200.96066,1116.28418,226.04702
5.8594379,5.8594379,2.5674734,202.54337,1144.19588,226.93231
5.9119887,5.9119887,2.5905001,206.40031,1093.7806,222.9951
5.96454,5.96454,2.6135268,210.00331,1021.5745,217.01823
6.0170908,6.0170908,2.6365535,209.0776,957.20874,210.21424
6.0696421,6.0696421,2.65958,206.43474,910.09518,203.32739
6.1221929,6.1221929,2.6826067,205.78625,852.98726,197.387
6.1747441,6.1747441,2.7056334,208.30754,789.27238,191.31454
6.2272949,6.2272949,2.7286601,213.285,695.53654,181.09103
6.2798462,6.2798462,2.7516868,212.04617,563.63738,169.83106
6.332397,6.332397,2.7747135,208.15406,462.91761,159.58468
6.3849483,6.3849483,2.7977402,203.12359,380.5032,151.40987
6.437499,6.437499,2.8207667,208.95036,313.60253,142.05825
6.4900498,6.4900498,2.8437934,208.90361,265.07098,138.65931
6.5426011,6.5426011,2.8668201,209.66075,229.4681,134.74647
6.5951519,6.5951519,2.8898468,209.09042,198.96592,129.79959
6.6477032,6.6477032,2.9128735,207.34349,182.64313,127.1316
6.700254,6.700254,2.9359002,204.14887,172.65744,124.95084
6.7528052,6.7528052,2.9589267,205.14946,163.64107,121.52302
6.805356,6.805356,2.9819534,208.60635,159.10029,119.73339
6.8579073,6.8579073,3.0049801,211.43504,149.87169,117.88459
6.9104581,6.9104581,3.0280068,210.21557,139.69762,117.42267
6.9630094,6.9630094,3.0510335,205.19235,142.33992,115.99394
7.0155602,7.0155602,3.0740602,200.62256,137.50444,113.14696
7.0681109,7.0681109,3.0970867,199.74648,133.70366,113.447
7.1206622,7.1206622,3.1201134,201.87336,131.00949,112.87214
7.173213,7.173213,3.1431401,199.96268,128.61146,111.74653
7.2257643,7.2257643,3.1661668,195.02028,127.77144,109.55229
7.2783151,7.2783151,3.1891935,197.321,134.02921,109.78021
7.3308663,7.3308663,3.2122202,197.27353,132.12812,109.42927
7.3834171,7.3834171,3.2352469,196.13907,124.00052,108.37572
7.4359684,7.4359684,3.2582734,194.77176,124.04619,107.89716
7.4885192,7.4885192,3.2813001,196.43811,126.58319,107.72529
7.5410705,7.5410705,3.3043268,193.63338,125.0405,106.86122
7.5936213,7.5936213,3.3273535,192.1662,121.88637,105.86239
7.6461725,7.6461725,3.3503802,196.60632,120.47,103.57629
7.6987233,7.6987233,3.3734069,197.7113,122.11246,104.39235
7.7512741,7.7512741,3.3964334,194.6316,121.11054,103.138
7.8038254,7.8038254,3.4194601,195.19254,128.63836,102.50309
7.8563762,7.8563762,3.4424868,195.24593,128.16466,102.68308
7.9089274,7.9089274,3.4655135,194.20577,125.39114,101.9754
7.9614782,7.9614782,3.4885402,191.24532,131.26216,101.76555
8.0140295,8.0140295,3.5115669,185.42043,131.89648,101.72048
8.0665808,8.0665808,3.5345936,182.55566,141.10981,102.20832
8.1191311,8.1191311,3.55762,183.38194,146.02661,101.3219
8.1716824,8.1716824,3.5806468,184.64968,147.80842,101.76695
8.2242336,8.2242336,3.6036735,188.19567,147.89974,101.72947
8.2767849,8.2767849,3.6267002,187.2029,151.42393,100.52973
8.3293352,8.3293352,3.6497269,185.32819,160.98351,100.80975
8.3818865,8.3818865,3.6727536,181.72,160.5545,101.35689
8.4344378,8.4344378,3.69578,183.44286,166.70234,102.3268
8.4869881,8.4869881,3.7188067,187.02181,174.28816,103.42535
8.5395393,8.5395393,3.7418334,183.77371,195.64889,103.59884
8.5920906,8.5920906,3.7648602,180.07372,204.07161,104.48036
8.6446419,8.6446419,3.7878869,179.03983,206.88449,104.18637
8.6971922,8.6971922,3.8109136,177.63838,216.65157,105.19603
8.7497435,8.7497435,3.83394,172.25003,220.73409,105.17188
8.8022947,8.8022947,3.8569667,173.65362,217.77002,105.25838
8.854846,8.854846,3.8799934,170.4609,216.42978,104.53938
8.9073963,8.9073963,3.9030201,168.75875,215.24797,102.41145
8.9599476,8.9599476,3.9260468,170.21978,209.21547,100.74968
9.0124989,9.0124989,3.9490736,168.00972,201.67939,99.90086
9.0650501,9.0650501,3.9721003,167.43499,194.72425,98.83281
9.1176004,9.1176004,3.9951267,165.8002,189.2632,98.88385
9.1701517,9.1701517,4.0181537,167.53962,185.12839,97.95142
9.222703,9.222703,4.0411801,167.49135,172.28565,95.1187
9.2752533,9.2752533,4.0642066,164.34156,157.20854,93.5770599999999
9.3278046,9.3278046,4.0872335,164.07365,145.37972,91.86183
9.3803558,9.3803558,4.11026,165.90394,140.53078,90.20285
9.4329071,9.4329071,4.133287,165.0513,138.53179,88.80476
9.4854574,9.4854574,4.1563134,161.48073,130.91491,86.84275
9.5380087,9.5380087,4.1793404,159.74224,122.5522,86.92548
9.59056,9.59056,4.2023668,161.66981,113.58028,85.41665
9.6431112,9.6431112,4.2253933,160.82901,113.12406,84.36947
9.6956615,9.6956615,4.2484202,161.19321,105.7135,82.62915
9.7482128,9.7482128,4.2714467,161.23547,105.37657,82.3558
9.8007641,9.8007641,4.2944736,158.66701,101.70717,81.66999
9.8533144,9.8533144,4.3175001,156.83416,102.55391,80.6177
9.9058657,9.9058657,4.3405271,161.87741,96.76028,79.86519
9.9584169,9.9584169,4.3635535,164.2176,98.18291,79.99812
10.010968,10.010968,4.38658,160.01435,97.35418,78.82754
10.063519,10.063519,4.4096069,155.77149,95.47454,78.62454
10.11607,10.11607,4.4326334,154.48309,97.30105,78.61991
10.168621,10.168621,4.4556603,158.36765,97.36952,77.76136
10.221172,10.221172,4.4786868,162.05704,96.87127,77.55874
10.273723,10.273723,4.5017133,160.37737,94.24261,76.65025
10.326274,10.326274,4.5247402,158.91199,94.73497,76.63796
10.378825,10.378825,4.5477667,156.62087,91.33952,76.02613
10.431376,10.431376,4.5707936,151.33813,92.97315,75.30797
10.483927,10.483927,4.5938201,148.57867,90.93512,74.26727
10.536478,10.536478,4.616847,150.8267,89.28494,74.77374
10.589029,10.589029,4.6398735,151.8345,85.46283,72.86988
10.64158,10.64158,4.6629,151.31402,88.42286,73.2426
10.694131,10.694131,4.6859269,148.19939,90.7750300000001,73.366334
10.746682,10.746682,4.7089534,148.75451,91.94011,73.948936
10.799233,10.799233,4.7319803,148.04248,89.62639,72.637838
10.851784,10.851784,4.7550068,145.94021,89.11803,72.613364
10.904335,10.904335,4.7780337,144.2702,93.6591,72.0505860000001
10.956886,10.956886,4.8010602,143.45725,94.01156,71.82885
11.009438,11.009438,4.8240867,143.6319,92.81765,71.660458
11.061988,11.061988,4.8471136,142.01763,90.68694,72.287736
11.114539,11.114539,4.8701401,136.94036,93.71512,72.739526
11.16709,11.16709,4.893167,138.57313,95.69255,71.507532
11.219641,11.219641,4.9161935,138.01283,97.75811,71.455798
11.272192,11.272192,4.93922,135.64795,98.2858,71.72133
11.324743,11.324743,4.9622469,134.73693,99.86674,71.620322
11.377295,11.377295,4.9852734,138.32948,97.22851,71.606394
11.429845,11.429845,5.0083003,139.67442,96.2403320000001,71.397432
11.482396,11.482396,5.0313268,139.77466,97.2482800000001,71.66986
11.534947,11.534947,5.0543537,138.46787,101.195214,70.882742
11.587499,11.587499,5.0773802,137.96131,99.488388,71.354374
11.640049,11.640049,5.1004066,134.01746,99.751106,71.282962
11.6926,11.6926,5.1234336,133.87889,100.397092,71.312324
11.745152,11.745152,5.1464601,133.10517,101.18384,71.472734
11.797702,11.797702,5.169487,131.2542,97.977536,70.805968
11.850253,11.850253,5.1925135,133.77058,96.688572,70.060714
11.902804,11.902804,5.2155404,133.46327,94.789686,68.696218
11.955356,11.955356,5.2385669,131.04161,93.867886,68.041128
12.007906,12.007906,5.2615933,130.3911,97.486266,68.422702
12.060457,12.060457,5.2846203,130.06915,92.521798,68.679972
12.113008,12.113008,5.3076468,129.14485,89.747952,67.746274
12.16556,12.16556,5.3306737,131.66311,86.493352,67.416462
12.21811,12.21811,5.3537002,134.12461,89.210646,66.894766
12.270661,12.270661,5.3767271,132.82478,88.222544,66.544136
12.323213,12.323213,5.3997536,131.34394,86.272928,66.715668
12.375764,12.375764,5.42278,129.84818,82.595324,66.163784
12.428314,12.428314,5.445807,126.12184,82.847596,65.93684
12.480865,12.480865,5.4688334,124.23082,79.165316,65.567308
12.533417,12.533417,5.4918604,122.88692,81.752222,65.02943
12.585967,12.585967,5.5148869,123.4927,80.673628,64.48583
12.638518,12.638518,5.5379133,123.16971,78.07042,63.845974
12.69107,12.69107,5.5609403,125.3412,78.806186,63.757458
12.743621,12.743621,5.5839667,125.55279,78.27942,64.301412
12.796171,12.796171,5.6069937,124.54505,80.400308,64.02093
12.848722,12.848722,5.6300201,124.77329,78.876746,63.644508
12.901274,12.901274,5.6530471,124.55096,77.861788,63.814064
12.953825,12.953825,5.6760736,121.47075,78.049956,63.87541
13.006375,13.006375,5.6991,121.50268,76.737292,63.094722
13.058927,13.058927,5.722127,121.15785,75.227638,63.152586
13.111478,13.111478,5.7451534,121.89113,73.412778,62.3043220000001
13.164028,13.164028,5.7681804,122.05658,73.280774,63.174444
13.216579,13.216579,5.7912068,120.49513,75.892532,63.069974
13.269131,13.269131,5.8142338,117.57161,76.506104,63.06118
13.321682,13.321682,5.8372602,116.63415,71.620394,62.77479
13.374232,13.374232,5.8602867,116.69721,71.21685,62.272712
13.426784,13.426784,5.8833137,117.81608,70.480064,62.729892
13.479335,13.479335,5.9063401,116.57695,69.699368,62.505386
13.531886,13.531886,5.9293671,116.68789,69.8957,61.599906
13.584436,13.584436,5.9523935,114.04144,68.699694,61.82543
13.636988,13.636988,5.97542,116.22682,68.786898,61.995902
13.689539,13.689539,5.9984469,117.48714,68.91627,62.375764
13.74209,13.74209,6.0214734,116.09412,68.822716,62.55629
13.794641,13.794641,6.0445004,115.67128,68.639662,62.570906
13.847192,13.847192,6.0675268,114.62289,69.9727860000001,62.635218
13.899743,13.899743,6.0905538,112.98938,69.595388,62.943868
13.952293,13.952293,6.1135802,112.94716,70.900496,62.856076
14.004845,14.004845,6.1366067,116.05245,70.50261,62.53546
14.057396,14.057396,6.1596336,118.37916,70.988146,61.718578
14.109947,14.109947,6.1826601,117.03875,71.71756,62.669622
14.162498,14.162498,6.205687,111.78639,67.835444,61.97063
14.215049,14.215049,6.2287135,109.43884,68.177024,61.822912
14.2676,14.2676,6.2517405,108.07443,66.510748,62.342266
14.320151,14.320151,6.2747669,108.74175,64.914882,62.348196
14.372702,14.372702,6.2977934,109.15374,68.848768,61.742686
14.425253,14.425253,6.3208203,109.47329,67.700594,61.458518
14.477804,14.477804,6.3438468,110.11818,68.279932,61.11844
14.530354,14.530354,6.3668737,106.91016,66.319636,60.83551
14.582906,14.582906,6.3899002,108.02343,63.010966,60.765724
14.635457,14.635457,6.4129267,106.9811,65.385682,60.552148
14.688008,14.688008,6.4359536,108.07013,63.245738,60.039716
14.740559,14.740559,6.4589801,108.32106,63.078306,59.260816
14.79311,14.79311,6.482007,106.43882,62.75271,58.788978
14.845661,14.845661,6.5050335,105.15728,61.645532,58.240432
14.898212,14.898212,6.5280604,107.03027,60.25118,57.950076
14.950763,14.950763,6.5510869,108.58001,60.227282,57.657998
15.003314,15.003314,6.5741134,107.84204,61.740984,57.407064
15.055865,15.055865,6.5971403,105.87458,61.11275,57.15647
15.108417,15.108417,6.6201668,104.08139,61.947708,56.71254
15.160967,15.160967,6.6431937,104.8141,60.77196,56.917504
15.213518,15.213518,6.6662202,105.72364,59.141364,56.17796
15.266069,15.266069,6.6892471,106.66815,58.251428,55.912156
15.31862,15.31862,6.7122736,106.12903,59.716398,55.94271
15.371171,15.371171,6.7353001,105.89922,58.073056,55.285336
15.423722,15.423722,6.758327,101.87971,57.120452,54.801832
15.476274,15.476274,6.7813535,99.20787,59.39747,54.713588
15.528824,15.528824,6.8043804,99.2961500000001,59.51006,54.278268
15.581375,15.581375,6.8274069,98.23418,57.541386,53.68117
15.633926,15.633926,6.8504338,98.3965999999999,57.252956,53.908956
15.686478,15.686478,6.8734603,98.4319000000001,56.257184,53.516948
15.739028,15.739028,6.8964868,100.08613,56.67995,53.422862
15.791579,15.791579,6.9195137,101.95328,56.903724,53.198814
15.844131,15.844131,6.9425402,100.1863,55.626232,52.881884
15.896681,15.896681,6.9655671,98.63314,52.892432,52.696006
15.949232,15.949232,6.9885936,97.26611,56.047772,52.644456
16.001783,16.001783,7.01162,95.56146,55.380572,52.493356
16.054335,16.054335,7.034647,95.2213599999999,56.397352,51.870088
16.106886,16.106886,7.0576735,98.18438,54.973372,51.521452
16.159437,16.159437,7.0807004,99.2850400000001,53.953714,51.54167
16.211987,16.211987,7.1037269,99.85126,53.590142,51.37976
16.264538,16.264538,7.1267538,100.35857,55.627976,50.760876
16.317089,16.317089,7.1497803,100.03711,55.929982,50.89581
16.36964,16.36964,7.1728067,99.77076,53.611354,50.978814
16.422192,16.422192,7.1958337,97.0029,52.702504,51.273178
16.474743,16.474743,7.2188601,91.21262,51.101638,50.75935
16.527294,16.527294,7.2418871,89.88006,52.678174,51.116918
16.579844,16.579844,7.2649136,92.06264,54.191438,50.874674
16.632395,16.632395,7.2879405,93.28005,55.10866,50.953036
16.684946,16.684946,7.310967,93.3556,53.820918,50.492252
16.737497,16.737497,7.3339934,92.36639,53.573988,50.910052
16.790049,16.790049,7.3570204,93.27571,52.735702,51.267272
16.8426,16.8426,7.3800468,92.16581,53.751516,51.194356
16.895151,16.895151,7.4030738,91.47247,52.723914,50.90086
16.947702,16.947702,7.4261003,92.34343,51.858834,50.40289
17.000252,17.000252,7.4491267,92.43354,50.880122,51.042762
17.052803,17.052803,7.4721537,90.92919,51.99076,51.332616
17.105354,17.105354,7.4951801,87.95051,52.675626,51.593598
17.157906,17.157906,7.5182071,90.74254,50.639528,51.811362
17.210457,17.210457,7.5412335,88.60925,53.245384,51.947128
17.263008,17.263008,7.5642605,88.54575,53.891364,51.537506
17.315559,17.315559,7.5872869,89.3075000000001,53.977316,51.472452
17.368109,17.368109,7.6103134,87.00458,52.524022,51.227074
17.42066,17.42066,7.6333404,84.96223,51.541624,51.0322
17.473211,17.473211,7.6563668,86.69735,49.636766,50.29215
17.525763,17.525763,7.6793938,88.94715,48.603098,50.0061
17.578314,17.578314,7.7024202,89.97032,50.194158,49.957346
17.630865,17.630865,7.7254472,92.07727,47.84497,49.514562
17.683416,17.683416,7.7484736,89.97648,47.715944,49.343716
17.735968,17.735968,7.7715001,88.29141,48.45013,48.878402
17.788517,17.788517,7.7945271,86.6973499999999,47.75208,48.458458
17.841068,17.841068,7.8175535,85.16565,46.98183,48.114718
17.89362,17.89362,7.8405805,84.87472,49.46975,47.729776
17.946171,17.946171,7.8636069,85.63726,48.692312,47.31299
17.998722,17.998722,7.8866334,86.1030099999999,48.612376,47.2061
18.051273,18.051273,7.9096603,86.03339,51.30421,46.463774
18.103825,18.103825,7.9326868,86.18238,48.321414,46.102326
18.156374,18.156374,7.9557137,84.72327,48.11939,45.633248
18.208925,18.208925,7.9787402,83.99886,49.344948,45.419988
18.261477,18.261477,8.0017672,85.14441,51.282394,45.837534
18.314028,18.314028,8.0247936,86.68532,52.151124,46.125144
18.366579,18.366579,8.0478201,86.2314,54.693662,46.443808
18.41913,18.41913,8.0708466,84.55061,53.330336,45.949798
18.471682,18.471682,8.093874,83.9929799999999,49.302094,44.942422
18.524231,18.524231,8.1169004,82.04186,49.452242,44.720288
18.576782,18.576782,8.1399269,81.78997,48.45698,44.451366
18.629333,18.629333,8.1629534,81.68887,48.13385,44.0961
18.681885,18.681885,8.1859798,82.38384,48.411874,43.464326
18.734436,18.734436,8.2090073,82.24533,47.628988,43.289362
18.786987,18.786987,8.2320337,82.08014,47.044126,43.122336
18.839539,18.839539,8.2550602,83.78512,46.73175,43.402606
18.89209,18.89209,8.2780867,82.77896,47.73107,43.50253
18.944639,18.944639,8.3011141,82.65523,46.260364,43.039904
18.99719,18.99719,8.3241405,81.92345,47.18932,42.982886
19.049742,19.049742,8.347167,81.96272,49.77638,42.889822
19.102293,19.102293,8.3701935,82.51078,48.241532,42.236718
19.154844,19.154844,8.3932199,81.77463,47.959514,42.017972
19.207396,19.207396,8.4162474,81.84605,46.41105,41.609612
19.259947,19.259947,8.4392738,81.97631,46.979568,41.702194
19.312496,19.312496,8.4623003,81.37751,45.46724,41.26473
19.365047,19.365047,8.4853268,80.56794,45.852688,40.966422
19.417599,19.417599,8.5083532,79.84403,47.503152,41.051966
19.47015,19.47015,8.5313807,78.19846,47.906632,41.355312
19.522701,19.522701,8.5544071,78.41298,43.588614,41.181494
19.575253,19.575253,8.5774336,78.62157,45.800808,41.466764
19.627804,19.627804,8.6004601,77.88138,44.952336,41.08436
19.680355,19.680355,8.6234865,76.983,46.385658,41.017892
19.732904,19.732904,8.6465139,77.97158,48.445334,40.725142
19.785456,19.785456,8.6695404,76.77456,49.534018,40.847418
19.838007,19.838007,8.6925669,75.5933,46.417358,40.945362
19.890558,19.890558,8.7155933,75.94504,46.137234,40.765336
19.94311,19.94311,8.7386208,75.48006,44.996892,40.797798
19.995661,19.995661,8.7616472,76.163,45.362726,40.071114
20.048212,20.048212,8.7846737,74.37689,45.33738,39.653762
20.100761,20.100761,8.8077002,74.59524,43.546738,39.535746
20.153313,20.153313,8.8307266,74.18574,45.766418,39.320846
20.205864,20.205864,8.853754,73.2236,44.154686,39.248186
20.258415,20.258415,8.8767805,72.66307,46.632922,39.652758
20.310966,20.310966,8.899807,70.98832,45.781138,39.264886
20.363518,20.363518,8.9228334,70.90857,47.33373,39.365276
20.416069,20.416069,8.9458599,71.82652,45.310842,38.990698
20.46862,20.46862,8.9688873,72.8858,44.916844,38.981806
20.52117,20.52117,8.9919138,72.86899,43.484842,38.989644
20.573721,20.573721,9.0149403,73.28517,44.377156,38.65219
20.626272,20.626272,9.0379667,71.85496,44.304024,39.296672
20.678823,20.678823,9.0609941,73.12492,45.55363,41.698024
20.731375,20.731375,9.0840206,74.7858600000001,46.296774,41.071788
20.783926,20.783926,9.1070471,72.50272,45.592358,38.81279
20.836477,20.836477,9.1300735,71.34659,45.096812,37.81676
20.889027,20.889027,9.1531,72.73017,44.19918,37.232768
20.941578,20.941578,9.1761274,72.53712,44.868212,37.690702
20.994129,20.994129,9.1991539,71.66752,43.725926,37.712328
21.04668,21.04668,9.2221804,70.76124,44.586098,37.948696
21.099232,21.099232,9.2452068,71.3719,45.448462,37.670598
21.151783,21.151783,9.2682333,72.4389100000001,43.694258,37.7207
21.204334,21.204334,9.2912607,72.66579,45.074192,37.246334
21.256884,21.256884,9.3142872,70.8655000000001,45.422654,37.41328
21.309435,21.309435,9.3373137,68.89711,43.475624,37.50857
21.361986,21.361986,9.3603401,69.59114,43.341778,37.208024
21.414537,21.414537,9.3833666,70.50682,43.178978,36.976144
21.467089,21.467089,9.406394,68.8288,42.991756,37.088026
21.51964,21.51964,9.4294205,69.26896,44.589716,37.233098
21.572191,21.572191,9.4524469,67.97748,41.963762,36.660542
21.624743,21.624743,9.4754734,66.51207,41.86641,36.605304
21.677292,21.677292,9.4985008,68.35719,42.265746,36.830796
21.729843,21.729843,9.5215273,68.43767,41.39725,36.938036
21.782394,21.782394,9.5445538,69.146308,43.273352,37.042164
21.834946,21.834946,9.5675802,68.724586,43.21883,36.507916
21.887497,21.887497,9.5906067,68.805918,42.78238,36.637076
21.940048,21.940048,9.6136341,68.237026,41.693234,38.727594
21.992599,21.992599,9.6366606,68.466734,40.32057,37.109998
22.045149,22.045149,9.659687,69.815834,42.240848,36.57072
22.0977,22.0977,9.6827135,69.538178,42.52559,36.030965
22.150251,22.150251,9.70574,67.332692,43.689114,36.462848
22.202803,22.202803,9.7287674,65.92309,42.397524,36.53931
22.255354,22.255354,9.7517939,67.190782,41.698706,36.546224
22.307905,22.307905,9.7748203,67.2036240000001,43.520518,36.420792
22.360456,22.360456,9.7978468,66.72328,42.602494,36.511638
22.413008,22.413008,9.8208733,66.640052,42.675568,36.764378
22.465557,22.465557,9.8439007,68.00699,41.469894,36.583932
22.518108,22.518108,9.8669271,67.354464,41.82392,36.388048
22.57066,22.57066,9.8899536,67.230088,44.218334,36.48954
22.623211,22.623211,9.9129801,67.447658,42.606338,36.333984
22.675762,22.675762,9.9360075,67.453946,42.684786,36.48613
22.728313,22.728313,9.959034,65.517064,40.44379,36.222306
22.780865,22.780865,9.9820604,66.109062,40.635252,36.414728
22.833414,22.833414,10.005087,65.701856,41.75599,36.539104
22.885965,22.885965,10.028113,62.613024,41.230262,36.261
22.938517,22.938517,10.051141,61.588584,41.277674,36.211688
22.991068,22.991068,10.074167,63.844432,41.273518,36.860926
23.043619,23.043619,10.097194,65.114258,41.386212,36.634248
23.09617,23.09617,10.12022,63.2597,39.942426,36.357903
23.148722,23.148722,10.143247,63.636334,39.890658,36.211682
23.201273,23.201273,10.166274,64.98917,42.584316,36.369702
23.253822,23.253822,10.189301,65.716456,41.901702,36.488877
23.306374,23.306374,10.212327,64.952936,42.738176,36.643357
23.358925,23.358925,10.235353,64.226638,42.086408,36.46769
23.411476,23.411476,10.25838,63.43563,40.217738,36.174503
23.464027,23.464027,10.281407,62.771642,39.770614,36.422764
23.516579,23.516579,10.304434,62.883956,41.344756,36.305749
23.56913,23.56913,10.32746,62.279784,42.173268,36.397236
23.621679,23.621679,10.350487,62.659156,40.679772,36.298379
23.674231,23.674231,10.373514,63.061706,41.409886,36.18154
23.726782,23.726782,10.396541,63.546368,42.92727,36.539139
23.779333,23.779333,10.419567,63.305484,39.385888,35.945381
23.831884,23.831884,10.442594,60.65595,38.79221,36.114741
23.884436,23.884436,10.46562,59.59593,38.604346,36.32092
23.936987,23.936987,10.488647,59.960026,39.02156,36.412004
23.989536,23.989536,10.511674,62.121188,38.80205,36.224821
24.042088,24.042088,10.5347,64.436966,41.053196,36.58573
24.094639,24.094639,10.557727,63.677932,39.935774,36.217689
24.14719,24.14719,10.580753,61.425706,40.267524,36.066065
24.199741,24.199741,10.603781,60.095096,39.532922,35.845377
24.252293,24.252293,10.626807,59.826854,39.088754,35.799442
24.304844,24.304844,10.649834,59.525246,38.692704,36.098653
24.357395,24.357395,10.67286,59.027202,41.243634,36.076151
24.409945,24.409945,10.695887,59.742654,40.994602,36.273933
24.462496,24.462496,10.718914,59.883794,39.69321,36.006028
24.515047,24.515047,10.74194,59.89806,39.832958,35.88203
24.567598,24.567598,10.764967,60.596906,40.931172,36.373347
24.62015,24.62015,10.787993,60.224554,39.13239,36.440875
24.672701,24.672701,10.811021,59.664052,39.936796,36.283073
24.725252,24.725252,10.834047,59.599272,38.723228,36.457152
24.777802,24.777802,10.857074,59.234694,40.080078,36.728282
24.830353,24.830353,10.8801,59.089474,41.484228,36.307734
24.882904,24.882904,10.903127,59.829316,38.473904,35.831357
24.935455,24.935455,10.926154,59.660334,40.187122,36.338491
24.988007,24.988007,10.949181,58.230242,40.326172,36.638676
25.040558,25.040558,10.972207,59.10868,42.620706,36.528301
25.093109,25.093109,10.995234,59.8756,41.369108,36.37789
25.14566,25.14566,11.01826,60.456842,39.16905,36.531324
25.19821,25.19821,11.041287,60.313908,39.968412,36.639381
25.250761,25.250761,11.064314,60.154662,40.485596,36.354501
25.303312,25.303312,11.08734,60.092648,40.063932,36.490942
25.355864,25.355864,11.110367,58.63098,39.972106,36.391848
25.408415,25.408415,11.133393,57.988188,41.277072,36.599737
25.460966,25.460966,11.156421,57.20257,39.158578,36.352142
25.513517,25.513517,11.179447,57.464506,40.46228,36.731897
25.566067,25.566067,11.202474,56.469726,39.81938,36.550958
25.618618,25.618618,11.2255,56.492202,39.626626,36.491502
25.671169,25.671169,11.248528,57.088846,38.68852,36.659547
25.723721,25.723721,11.271554,56.977446,39.96578,36.586438
25.776272,25.776272,11.29458,56.535634,40.671564,36.87252
25.828823,25.828823,11.317607,57.858974,40.882224,36.756568
25.881374,25.881374,11.340633,58.466558,39.069374,36.568024
25.933924,25.933924,11.363661,57.468698,40.430162,36.864104
25.986475,25.986475,11.386687,57.210852,40.28485,36.963059
26.039026,26.039026,11.409714,58.01933,40.303014,36.703843
26.091578,26.091578,11.43274,58.646898,42.045164,37.127387
26.144129,26.144129,11.455767,58.624886,40.90769,37.17389
26.19668,26.19668,11.478794,58.587612,41.098766,36.99622
26.249231,26.249231,11.501821,56.44753,40.557698,36.931533
26.301783,26.301783,11.524847,55.15504,39.505188,37.199896
26.354332,26.354332,11.547873,54.964816,40.965012,37.012566
26.406883,26.406883,11.5709,56.1079,41.94833,37.346363
26.459435,26.459435,11.593927,56.649696,40.88804,37.344106
26.511986,26.511986,11.616954,56.58934,39.814808,37.028445
26.564537,26.564537,11.63998,57.29581,40.19488,37.436085
26.617088,26.617088,11.663007,57.291698,38.839254,37.524891
26.66964,26.66964,11.686034,56.216532,39.99764,37.670492
26.722189,26.722189,11.709061,55.701036,41.316006,37.647947
26.77474,26.77474,11.732087,55.67953,40.87918,37.598167
26.827291,26.827291,11.755114,57.37976,42.200668,37.703708
26.879843,26.879843,11.77814,58.043644,40.725768,37.565354
26.932394,26.932394,11.801167,57.895288,39.459386,37.303092
26.984945,26.984945,11.824194,57.649926,40.061494,37.548779
27.037497,27.037497,11.84722,57.000182,41.150486,37.776241
27.090048,27.090048,11.870247,57.384468,42.776284,37.856619
27.142597,27.142597,11.893273,55.746416,40.992708,38.237748
27.195148,27.195148,11.916301,55.25043,40.10823,38.033021
27.2477,27.2477,11.939327,56.46981,40.37239,38.067516
27.300251,27.300251,11.962354,56.962438,40.955776,38.218897
27.352802,27.352802,11.98538,55.259218,41.056922,38.605578
27.405354,27.405354,12.008408,53.751548,40.317542,38.912982
27.457905,27.457905,12.031434,54.608596,40.239322,38.46688
27.510454,27.510454,12.054461,54.627524,40.841684,38.581992
27.563005,27.563005,12.077487,55.658666,41.8802,38.975651
27.615557,27.615557,12.100513,57.2285,42.267282,38.644325
27.668108,27.668108,12.123541,57.307732,41.595964,38.753967
27.720659,27.720659,12.146567,55.886234,40.470486,39.006234
27.773211,27.773211,12.169594,54.95209,40.57872,39.348054
27.825762,27.825762,12.19262,53.56485,41.271172,39.638391
27.878313,27.878313,12.215647,52.895094,40.606366,39.9329
27.930862,27.930862,12.238674,54.182816,38.743128,40.223836
27.983414,27.983414,12.261701,55.088222,39.265458,40.809428
28.035965,28.035965,12.284727,54.410872,39.366162,41.102028
28.088516,28.088516,12.307754,54.047926,37.384646,41.808492
28.141068,28.141068,12.33078,54.04417,38.31952,41.836896
28.193619,28.193619,12.353807,54.897368,40.483302,41.849572
28.24617,28.24617,12.376834,54.987364,42.42424,41.087726
28.298719,28.298719,12.39986,55.302848,43.4334,40.61323
28.351271,28.351271,12.422887,55.676552,42.922422,40.595997
28.403822,28.403822,12.445914,54.885832,43.64904,40.392751
28.456373,28.456373,12.468941,54.185176,42.797618,39.982243
28.508924,28.508924,12.491967,55.522336,43.397908,40.512601
28.561476,28.561476,12.514994,55.018612,43.328216,40.093511
28.614027,28.614027,12.53802,54.395338,44.405814,40.130774
28.666576,28.666576,12.561048,54.918186,43.070224,40.350423
28.719128,28.719128,12.584074,54.599106,42.031308,39.818873
28.771679,28.771679,12.6071,54.780766,43.601364,40.551178
28.82423,28.82423,12.630127,54.596166,42.995248,40.566377
28.876781,28.876781,12.653153,55.049404,42.15067,40.790252
28.929333,28.929333,12.676181,54.909776,41.141544,40.43621
28.981884,28.981884,12.699207,55.678258,40.901702,40.443406
29.034435,29.034435,12.722234,56.481704,44.661624,40.46278
29.086985,29.086985,12.74526,56.98575,45.159662,40.099311
29.139536,29.139536,12.768287,56.674628,45.411306,41.07597
29.192087,29.192087,12.791314,55.240176,43.949668,40.675312
29.244638,29.244638,12.814341,54.212468,43.372968,40.910151
29.29719,29.29719,12.837367,53.930996,43.189658,40.545665
29.349741,29.349741,12.860394,55.731188,43.429188,40.433865
29.402292,29.402292,12.883421,55.94915,44.807902,40.938326
29.454842,29.454842,12.906447,56.434482,46.271904,41.509698
29.507393,29.507393,12.929474,57.599202,44.409434,41.261794
29.559944,29.559944,12.9525,58.07121,44.806656,41.572426
29.612495,29.612495,12.975527,57.034028,43.12979,41.227794
29.665047,29.665047,12.998554,56.525788,42.704052,41.240255
29.717598,29.717598,13.021581,56.462234,43.252074,41.285202
29.770149,29.770149,13.044607,57.153644,43.937374,41.238248
29.822701,29.822701,13.067634,56.570872,44.241796,40.590066
29.87525,29.87525,13.09066,56.10589,44.826238,41.034277
29.927801,29.927801,13.113688,55.883058,44.518152,41.389099
29.980352,29.980352,13.136714,56.333826,44.983062,41.616477
30.032904,30.032904,13.15974,57.964368,44.226248,41.672296
30.085455,30.085455,13.182767,58.146398,44.29708,41.541274
30.138006,30.138006,13.205793,57.239722,43.835682,41.788921
30.190557,30.190557,13.228821,56.661454,45.408394,41.966012
30.243107,30.243107,13.251847,55.887046,42.571162,41.602548
30.295658,30.295658,13.274874,56.276696,43.07364,41.439001
30.348209,30.348209,13.2979,57.861924,43.780288,41.553709
30.400761,30.400761,13.320928,57.249874,43.1028,41.461438
30.453312,30.453312,13.343954,56.409294,43.87765,42.003331
30.505863,30.505863,13.366981,56.402062,44.528942,42.229575
30.558414,30.558414,13.390007,57.037048,43.715756,41.709072
30.610964,30.610964,13.413033,57.582118,43.843774,41.577479
30.663515,30.663515,13.436061,59.593644,44.240906,41.72836
30.716066,30.716066,13.459087,59.275332,44.163666,41.65951
30.768618,30.768618,13.482114,59.28172,43.024688,41.710006
30.821169,30.821169,13.50514,58.803322,43.95939,42.335427
30.87372,30.87372,13.528167,59.241222,43.849648,42.249632
30.926271,30.926271,13.551194,60.14032,42.955812,42.178574
30.978823,30.978823,13.574221,60.666022,42.63632,41.825699
31.031372,31.031372,13.597247,61.052406,42.556572,42.110411
31.083923,31.083923,13.620274,60.012854,42.957068,41.872311
31.136475,31.136475,13.6433,59.509268,43.841078,42.395146
31.189026,31.189026,13.666327,60.480192,43.733408,42.675306
31.241577,31.241577,13.689354,60.416126,43.049526,42.258506
31.294128,31.294128,13.71238,61.864536,45.22504,42.433528
31.34668,31.34668,13.735407,62.77158,44.796076,42.12694
31.399229,31.399229,13.758434,61.189564,45.251438,42.342477
31.45178,31.45178,13.781461,61.52329,44.923194,42.594679
31.504332,31.504332,13.804487,62.718906,44.983624,42.726353
31.556883,31.556883,13.827514,63.537446,43.549414,42.53699
31.609434,31.609434,13.85054,64.159722,44.309436,42.528924
31.661985,31.661985,13.873568,64.476222,44.095766,42.672497
31.714537,31.714537,13.896594,65.893668,43.664226,42.910253
31.767088,31.767088,13.919621,66.610734,44.53957,43.674684
31.819637,31.819637,13.942647,66.383874,45.040676,43.633007
31.872189,31.872189,13.965673,65.597912,44.261634,43.389512
31.92474,31.92474,13.988701,65.120568,44.74549,43.195619
31.977291,31.977291,14.011727,65.474418,44.670818,43.179207
32.029842,32.029842,14.034754,65.918644,44.180694,43.37276
32.082394,32.082394,14.05778,65.99906,43.58179,43.250842
32.134945,32.134945,14.080807,66.071542,43.75911,43.794823
32.187496,32.187496,14.103834,66.712196,43.70729,43.826521
32.240047,32.240047,14.126861,66.21593,44.163446,43.645069
32.292599,32.292599,14.149887,66.54732,43.113936,43.554825
32.34515,32.34515,14.172914,65.196526,44.001066,44.37605
32.397697,32.397697,14.195941,64.25341,43.022646,43.935025
32.450249,32.450249,14.218967,66.538398,41.90559,43.570009
32.5028,32.5028,14.241994,68.273618,43.877256,43.879674
32.555351,32.555351,14.26502,68.967572,44.091532,44.221425
32.607903,32.607903,14.288047,68.528506,43.511658,44.516667
32.660454,32.660454,14.311074,68.683244,44.16127,44.519926
32.713005,32.713005,14.334101,68.07024,44.846914,44.456877
32.765556,32.765556,14.357127,67.812188,44.431146,44.47277
32.818108,32.818108,14.380154,67.39472,46.196766,45.050889
32.870659,32.870659,14.40318,67.547504,44.813016,45.289569
32.92321,32.92321,14.426208,66.544056,44.756564,44.939266
32.975761,32.975761,14.449234,66.226406,45.022926,44.99159
33.028313,33.028313,14.47226,65.411628,44.05687,44.87972
33.080864,33.080864,14.495287,65.67872,45.259972,45.295095
33.133415,33.133415,14.518313,66.523192,45.68013,45.990942
33.185963,33.185963,14.541341,66.65685,45.858156,46.200934
33.238514,33.238514,14.564367,66.624296,45.785726,45.85678
33.291065,33.291065,14.587394,65.390164,44.34135,45.622882
33.343616,33.343616,14.61042,65.766452,45.25245,46.594754
33.396168,33.396168,14.633448,65.655474,45.214162,45.886414
33.448719,33.448719,14.656474,65.223952,43.409478,46.274274
33.50127,33.50127,14.679501,64.825254,43.898442,46.057692
33.553822,33.553822,14.702527,64.854532,43.805974,46.219262
33.606373,33.606373,14.725554,63.517856,46.137862,46.64311
33.658924,33.658924,14.748581,61.614846,46.682282,46.920358
33.711475,33.711475,14.771607,61.237638,46.103314,47.222628
33.764027,33.764027,14.794634,61.730198,46.220638,46.822172
33.816578,33.816578,14.81766,62.293932,46.361282,46.98404
33.869129,33.869129,14.840687,61.19004,45.7341,46.974572
33.92168,33.92168,14.863714,60.909174,45.138738,47.022492
33.974228,33.974228,14.886741,60.91359,45.787622,46.920848
34.026779,34.026779,14.909767,60.645006,46.536276,46.81724
34.07933,34.07933,14.932794,59.283648,46.859244,47.274256
34.131882,34.131882,14.955821,59.91455,46.212042,47.347076
34.184433,34.184433,14.978848,60.605478,45.4152,47.247234
34.236984,34.236984,15.001874,59.52988,47.287468,47.025924
34.289536,34.289536,15.0249,58.339284,47.69934,47.597328
34.342087,34.342087,15.047927,57.93662,47.113838,47.093024
34.394638,34.394638,15.070954,57.99313,46.754188,47.263972
34.447189,34.447189,15.093981,57.584726,47.027526,47.712346
34.499741,34.499741,15.117007,57.60126,47.691382,47.927538
34.552292,34.552292,15.140034,58.16174,47.565442,48.0797
34.604843,34.604843,15.16306,58.263824,47.468012,49.508354
34.657394,34.657394,15.186088,57.658772,47.763562,52.215282
34.709942,34.709942,15.209114,57.053638,47.384738,48.37243
34.762493,34.762493,15.232141,56.0727,48.04717,48.228068
34.815044,34.815044,15.255167,55.16729,48.022152,47.945092
34.867596,34.867596,15.278193,55.391448,48.164968,48.436854
34.920147,34.920147,15.301221,55.26859,46.751642,48.463662
34.972698,34.972698,15.324247,55.47858,46.768828,48.830486
35.025249,35.025249,15.347274,56.735918,48.095318,48.822024
35.077801,35.077801,15.3703,56.464484,47.049264,47.94286
35.130352,35.130352,15.393328,55.004118,47.984836,48.28886
35.182903,35.182903,15.416354,54.443782,48.11889,48.278708
35.235455,35.235455,15.439381,53.85725,48.876784,48.760288
35.288006,35.288006,15.462407,54.195272,49.023724,48.746048
35.340557,35.340557,15.485434,53.446648,49.195108,48.327844
35.393108,35.393108,15.508461,51.636156,48.963076,48.946986
35.44566,35.44566,15.531487,50.911898,48.22001,48.76438
35.498207,35.498207,15.554514,50.959556,50.745678,49.254718
35.550758,35.550758,15.57754,51.979868,50.126506,49.078908
35.60331,35.60331,15.600567,52.58395,49.22698,48.42286
35.655861,35.655861,15.623594,52.85176,48.084544,48.85508
35.708412,35.708412,15.646621,52.207148,49.33615,48.539314
35.760963,35.760963,15.669647,51.194054,48.970778,48.87151
35.813515,35.813515,15.692674,50.037714,48.017936,48.991876
35.866066,35.866066,15.7157,50.13441,48.60831,49.026848
35.918617,35.918617,15.738728,51.42668,48.644086,48.923024
35.971169,35.971169,15.761754,52.39847,48.807066,49.038062
36.02372,36.02372,15.784781,52.144276,49.338842,49.198942
36.076271,36.076271,15.807807,51.341896,49.68009,49.262652
36.128822,36.128822,15.830834,51.409504,50.12101,49.11447
36.181374,36.181374,15.853861,51.901814,49.413252,49.392196
36.233925,36.233925,15.876887,51.69529,50.048136,49.477088
36.286472,36.286472,15.899914,51.64088,49.555886,49.731722
36.339024,36.339024,15.92294,51.004104,49.089684,49.279006
36.391575,36.391575,15.945968,50.136906,48.327478,49.08532
36.444126,36.444126,15.968994,50.69766,50.047892,49.144328
36.496677,36.496677,15.992021,51.50314,50.6205,49.982684
36.549229,36.549229,16.015047,51.44407,51.460652,49.576262
36.60178,36.60178,16.038074,50.417632,52.30065,49.202132
36.654331,36.654331,16.0611,50.081754,52.11116,49.705292
36.706882,36.706882,16.084127,50.640426,51.866776,50.030276
36.759434,36.759434,16.107155,50.469408,51.568144,49.682674
36.811985,36.811985,16.13018,49.927788,53.009548,49.931794
36.864536,36.864536,16.153208,50.007124,53.405102,50.262974
36.917088,36.917088,16.176233,49.805148,53.186916,49.830774
36.969639,36.969639,16.199261,49.832086,52.049602,49.90878
37.02219,37.02219,16.222288,48.820548,53.725892,50.470206
37.074738,37.074738,16.245314,48.91739,52.638784,50.044768
37.127289,37.127289,16.268341,49.115684,52.947442,49.965336
37.17984,37.17984,16.291367,49.202086,55.287012,50.12718
37.232391,37.232391,16.314394,50.426404,53.817238,50.09234
37.284943,37.284943,16.337421,51.138316,55.576528,50.722262
37.337494,37.337494,16.360447,50.576236,54.956456,50.764208
37.390045,37.390045,16.383474,50.538334,53.413656,50.406726
37.442596,37.442596,16.4065,50.266398,53.784486,50.649886
37.495148,37.495148,16.429527,50.662758,55.757754,51.115416
37.547699,37.547699,16.452555,51.189426,56.370352,50.726734
37.60025,37.60025,16.47558,50.750882,56.109342,51.140942
37.652802,37.652802,16.498608,50.746242,55.550872,51.268082
37.705353,37.705353,16.521633,50.711756,56.278786,50.72611
37.757904,37.757904,16.544661,50.65917,56.149248,51.140106
37.810455,37.810455,16.567688,50.221052,58.056914,51.25408
37.863003,37.863003,16.590714,50.884346,56.688824,51.551412
37.915554,37.915554,16.613741,52.475358,58.6336,51.956646
37.968105,37.968105,16.636766,52.917524,57.698948,51.839098
38.020657,38.020657,16.659794,52.38302,60.064336,51.98951
38.073208,38.073208,16.682821,51.607428,59.302194,51.833598
38.125759,38.125759,16.705847,51.866738,59.618816,51.899408
38.17831,38.17831,16.728874,52.063396,60.499686,52.06228
38.230862,38.230862,16.7519,52.805766,59.344638,52.035144
38.283413,38.283413,16.774927,54.030278,60.33565,52.577682
38.335964,38.335964,16.797955,54.57928,58.68464,52.121902
38.388515,38.388515,16.82098,54.13602,61.105774,52.220786
38.441067,38.441067,16.844007,54.405382,62.187306,51.807212
38.493618,38.493618,16.867035,54.908022,61.879584,52.382904
38.546169,38.546169,16.89006,55.161502,61.201434,52.952028
38.598721,38.598721,16.913088,54.65964,62.28614,52.811306
38.651268,38.651268,16.936113,54.391334,64.019872,53.212282
38.703819,38.703819,16.959141,54.997794,63.900244,53.552738
38.756371,38.756371,16.982168,56.317212,63.804956,53.507512
38.808922,38.808922,17.005194,57.300738,63.301282,53.027508
38.861473,38.861473,17.028221,57.843146,63.849254,53.282528
38.914024,38.914024,17.051247,57.2114,64.995072,53.537216
38.966576,38.966576,17.074274,57.475076,66.35019,53.591936
39.019127,39.019127,17.097301,58.728426,66.583012,53.840006
39.071678,39.071678,17.120327,58.88703,67.029598,54.068344
39.124229,39.124229,17.143354,58.667422,67.874988,54.58509
39.176781,39.176781,17.16638,58.72972,68.114512,54.595116
39.229332,39.229332,17.189407,58.484608,71.26763,55.461568
39.281883,39.281883,17.212435,59.53638,73.918598,56.275056
39.334435,39.334435,17.23546,59.752506,76.976916,56.911194
39.386982,39.386982,17.258488,59.200806,83.976424,58.191172
39.439533,39.439533,17.281513,57.457808,79.37397,58.572878
39.492085,39.492085,17.304541,57.734368,75.429112,59.32982
39.544636,39.544636,17.327568,58.88232,74.302418,59.566458
39.597187,39.597187,17.350594,58.754232,70.965988,60.041852
39.649738,39.649738,17.373621,58.466402,71.402024,61.514652
39.70229,39.70229,17.396646,57.958052,70.51416,63.287676
39.754841,39.754841,17.419674,58.677824,69.380724,61.730136
39.807392,39.807392,17.442701,57.31278,69.79009,58.069022
39.859943,39.859943,17.465727,56.440036,68.81553,55.835784
39.912495,39.912495,17.488754,55.845502,67.16747,55.45177
39.965046,39.965046,17.51178,54.97877,67.962888,55.43141
40.017597,40.017597,17.534807,54.69476,67.361802,55.056038
40.070148,40.070148,17.557835,54.449632,65.349494,54.559266
40.1227,40.1227,17.58086,54.831972,64.862996,54.683126
40.175247,40.175247,17.603888,54.52461,65.992368,55.085906
40.227798,40.227798,17.626913,53.658458,68.926588,55.402654
40.28035,40.28035,17.64994,52.228158,67.831334,55.471548
40.332901,40.332901,17.672968,52.269876,67.266612,54.612536
40.385452,40.385452,17.695993,52.019202,66.368016,55.072328
40.438004,40.438004,17.719021,51.393552,67.643842,55.65412
40.490555,40.490555,17.742048,50.462066,66.255462,55.735446
40.543106,40.543106,17.765074,49.94331,66.200708,55.29697
40.595657,40.595657,17.788101,48.990832,65.3633,54.9263
40.648209,40.648209,17.811127,48.87758,66.90171,55.725312
40.70076,40.70076,17.834154,48.964912,66.785334,55.854716
40.753311,40.753311,17.857182,48.85048,63.481708,55.508528
40.805862,40.805862,17.880207,48.199016,64.127388,54.900122
40.858414,40.858414,17.903234,47.422666,64.409058,55.139776
40.910965,40.910965,17.92626,46.49763,64.904658,56.140354
40.963512,40.963512,17.949287,46.500602,65.309036,55.814854
41.016064,41.016064,17.972315,45.970862,63.7324,55.483992
41.068615,41.068615,17.99534,46.097608,64.777102,55.889488
41.121166,41.121166,18.018368,45.907946,64.818564,55.336988
41.173717,41.173717,18.041393,45.558954,63.705512,54.993548
41.226269,41.226269,18.064421,44.784784,65.310898,55.347918
41.27882,41.27882,18.087448,43.708798,64.312654,55.810734
41.331371,41.331371,18.110474,43.66333,64.502274,55.94654
41.383923,41.383923,18.133501,43.276572,63.92196,55.847946
41.436474,41.436474,18.156527,42.13092,64.050164,55.533432
41.489025,41.489025,18.179554,42.176026,65.064474,56.238176
41.541576,41.541576,18.202581,42.07367,63.232964,56.27122
41.594128,41.594128,18.225607,42.083948,62.940038,55.83518
41.646679,41.646679,18.248634,42.316416,64.915364,55.204772
41.69923,41.69923,18.27166,41.598792,63.313866,56.190686
41.751778,41.751778,18.294687,41.415738,64.97066,56.526326
41.804329,41.804329,18.317715,40.730372,65.069472,56.49297
41.85688,41.85688,18.34074,40.49375,64.47424,56.854656
41.909431,41.909431,18.363768,41.26943,62.349164,55.964514
41.961983,41.961983,18.386793,41.834784,63.611066,56.787608
42.014534,42.014534,18.409821,40.480742,62.567414,55.900058
42.067085,42.067085,18.432848,38.858098,62.961708,56.618704
42.119637,42.119637,18.455873,38.111822,62.184136,56.892062
42.172188,42.172188,18.478901,37.901628,61.27632,56.473332
42.224739,42.224739,18.501926,38.25541,62.83051,56.788716
42.27729,42.27729,18.524954,38.360888,63.855512,56.297082
42.329842,42.329842,18.547981,38.757194,63.345546,56.85365
42.382393,42.382393,18.571007,37.750458,63.075988,56.859968
42.434944,42.434944,18.594034,37.552621,63.672892,56.844422
42.487495,42.487495,18.617062,38.147684,62.284724,56.84022
42.540043,42.540043,18.640087,38.350658,63.06892,57.469862
42.592594,42.592594,18.663115,38.027744,63.44922,56.915414
42.645145,42.645145,18.68614,37.635684,63.06597,57.270676
42.697697,42.697697,18.709167,37.952627,64.332512,57.487844
42.750248,42.750248,18.732195,38.095364,60.840928,56.785584
42.802799,42.802799,18.75522,37.905409,62.454096,57.530236
42.85535,42.85535,18.778248,37.566667,61.046482,56.921576
42.907902,42.907902,18.801273,37.399562,62.346714,57.520676
42.960453,42.960453,18.824301,37.216313,63.98636,57.728914
43.013004,43.013004,18.847328,36.984235,63.807274,57.1966
43.065556,43.065556,18.870354,36.787496,63.304068,58.371714
43.118107,43.118107,18.893381,37.236227,64.08245,58.420526
43.170658,43.170658,18.916407,36.868382,63.20163,58.591632
43.223209,43.223209,18.939434,36.788384,64.629984,58.759026
43.275761,43.275761,18.962461,36.641938,61.914826,58.052636
43.328308,43.328308,18.985487,36.663788,61.330796,58.058108
43.380859,43.380859,19.008514,36.81855,62.132422,58.263606
43.433411,43.433411,19.03154,36.740739,63.604148,58.74909
43.485962,43.485962,19.054567,36.537853,63.087556,58.556628
43.538513,43.538513,19.077595,36.268587,63.929034,58.852356
43.591064,43.591064,19.10062,36.17161,65.026862,59.384136
43.643616,43.643616,19.123648,35.75942,63.272422,58.420088
43.696167,43.696167,19.146673,35.484021,61.95781,58.404712
43.748718,43.748718,19.169701,35.924302,62.85674,59.656616
43.80127,43.80127,19.192728,36.023221,64.32033,59.99036
43.853821,43.853821,19.215754,35.411946,63.396848,59.972704
43.906372,43.906372,19.238781,35.006292,62.825974,59.530098
43.958923,43.958923,19.261806,35.447063,64.13932,59.743374
44.011475,44.011475,19.284834,35.812606,64.239848,59.973356
44.064022,44.064022,19.307861,35.808256,63.908068,59.927332
44.116573,44.116573,19.330887,35.076169,62.779016,59.3944
44.169125,44.169125,19.353914,35.755807,62.084522,59.827112
44.221676,44.221676,19.376942,35.73969,64.577564,60.032608
44.274227,44.274227,19.399967,35.483523,65.52945,60.702558
44.326778,44.326778,19.422995,34.891343,64.108692,60.563564
44.37933,44.37933,19.44602,34.382654,63.607182,61.137058
44.431881,44.431881,19.469048,34.295818,63.510138,60.666554
44.484432,44.484432,19.492075,34.147459,64.315592,61.28677
44.536983,44.536983,19.5151,33.996976,63.861982,61.921938
44.589535,44.589535,19.538128,33.937598,62.335516,61.97723
44.642086,44.642086,19.561153,34.356237,60.474756,61.33201
44.694637,44.694637,19.584181,34.7052,59.310016,61.196524
44.747189,44.747189,19.607208,34.595826,53.029256,61.04405
44.79974,44.79974,19.630234,34.289148,45.66905,60.044242
44.852287,44.852287,19.653261,34.18557,41.549822,58.954348
44.904839,44.904839,19.676287,33.855167,37.236124,58.495728
44.95739,44.95739,19.699314,33.247325,38.20565,58.977288
45.009941,45.009941,19.722342,33.40763,60.69984,62.538294
45.062492,45.062492,19.745367,33.102654,51.389846,62.20621
45.115044,45.115044,19.768394,33.438198,56.121262,64.074456
45.167595,45.167595,19.79142,33.468252,60.062014,64.970988
45.220146,45.220146,19.814447,33.145385,60.977574,65.427074
45.272697,45.272697,19.837475,33.073705,61.638624,65.701078
45.325249,45.325249,19.8605,33.22979,63.694954,66.643136
45.3778,45.3778,19.883528,32.941679,64.604336,66.735724
45.430351,45.430351,19.906553,33.781303,63.662452,65.1909
45.482903,45.482903,19.929581,33.700388,66.267986,65.430148
45.535454,45.535454,19.952608,33.222436,67.029142,64.997674
45.588005,45.588005,19.975634,33.080829,65.542296,64.76152
45.640553,45.640553,19.998661,32.650182,68.032232,65.735738
45.693104,45.693104,20.021687,33.105168,67.4712,64.835476
45.745655,45.745655,20.044714,33.224615,66.313768,65.376092
45.798206,45.798206,20.067741,33.095832,67.475588,64.589152
45.850758,45.850758,20.090767,32.712865,68.61555,65.020896
45.903309,45.903309,20.113794,31.924257,71.638576,66.493948
45.95586,45.95586,20.13682,31.557697,69.894916,65.43086
46.008411,46.008411,20.159847,31.815788,69.604014,65.941342
46.060963,46.060963,20.182875,32.112567,71.135024,66.71876
46.113514,46.113514,20.2059,33.075372,69.213446,66.084278
46.166065,46.166065,20.228928,33.278226,71.1467,66.107192
46.218616,46.218616,20.251955,32.625827,69.790422,66.052162
46.271168,46.271168,20.274981,32.18303,71.02514,66.73501
46.323719,46.323719,20.298008,32.216708,68.438892,66.183806
46.37627,46.37627,20.321033,32.04477,71.02756,67.12351
46.428818,46.428818,20.344061,32.498502,70.640226,67.310956
46.481369,46.481369,20.367088,32.621513,71.959778,67.297188
46.53392,46.53392,20.390114,31.922045,70.711076,67.86901
46.586472,46.586472,20.413141,32.032247,70.618972,67.13781
46.639023,46.639023,20.436167,31.915826,70.250752,68.588352
46.691574,46.691574,20.459194,31.261629,71.816554,68.00929
46.744125,46.744125,20.482222,31.206022,71.886534,68.879006
46.796677,46.796677,20.505247,31.794501,72.03012,69.198334
46.849228,46.849228,20.528275,31.985387,73.383454,69.190436
46.901779,46.901779,20.5513,31.544979,71.271158,68.829132
46.95433,46.95433,20.574327,31.00957,73.70597,70.232544
47.006882,47.006882,20.597355,31.446973,72.106328,69.109346
47.059433,47.059433,20.62038,30.609203,74.644898,70.400748
47.111984,47.111984,20.643408,30.880584,73.41687,69.868292
47.164536,47.164536,20.666433,31.440803,73.884368,70.57337
47.217083,47.217083,20.689461,31.476626,74.617774,71.023842
47.269634,47.269634,20.712488,31.128871,74.74658,70.282544
47.322186,47.322186,20.735514,31.303161,74.222798,70.399298
47.374737,47.374737,20.758541,31.135044,76.535502,71.940222
47.427288,47.427288,20.781567,31.129505,75.824036,71.399722
47.479839,47.479839,20.804594,31.530478,75.217606,71.7535
47.532391,47.532391,20.827621,31.643153,74.456256,72.03838
47.584942,47.584942,20.850647,31.570568,77.454304,72.326214
47.637493,47.637493,20.873674,30.806258,76.770536,72.093632
47.690044,47.690044,20.8967,30.01228,77.233706,73.504026
47.742596,47.742596,20.919727,29.903875,77.797246,73.448358
47.795147,47.795147,20.942755,30.309172,76.330848,73.112744
47.847698,47.847698,20.96578,30.721961,78.041274,72.962168
47.900249,47.900249,20.988808,31.097758,77.760232,73.587306
47.952801,47.952801,21.011833,30.760586,77.516026,73.956876
48.005348,48.005348,21.034861,30.505563,79.082226,74.437964
48.057899,48.057899,21.057888,30.8663,79.008514,75.048866
48.110451,48.110451,21.080914,30.524129,78.29985,73.96393
48.163002,48.163002,21.103941,30.147763,79.39432,75.672786
48.215553,48.215553,21.126968,30.221276,81.06737,76.26387
48.268105,48.268105,21.149994,30.084562,79.408562,75.434344
48.320656,48.320656,21.173021,29.71686,80.93603,75.7948
48.373207,48.373207,21.196047,29.760607,80.630788,76.043982
48.425758,48.425758,21.219074,29.856772,79.777866,75.621468
48.47831,48.47831,21.242102,30.016332,80.021844,76.147138
48.530861,48.530861,21.265127,30.188068,80.403306,77.09166
48.583412,48.583412,21.288155,29.84964,80.214212,77.298294
48.635963,48.635963,21.31118,29.719093,81.998534,78.052832
48.688515,48.688515,21.334208,29.285655,81.615068,78.110886
48.741066,48.741066,21.357235,28.851817,82.918158,78.585978
48.793613,48.793613,21.38026,29.456817,80.535364,78.580474
48.846165,48.846165,21.403288,29.849366,81.217892,78.20466
48.898716,48.898716,21.426313,29.799529,82.879604,79.416898
48.951267,48.951267,21.449341,30.096889,83.663584,78.54636
49.003819,49.003819,21.472368,30.840714,84.277634,79.414562
49.05637,49.05637,21.495394,30.406559,86.66871,80.058242
49.108921,49.108921,21.518421,30.613618,84.849852,79.977752
49.161472,49.161472,21.541447,30.053208,84.539952,80.211952
49.214024,49.214024,21.564474,29.774436,85.062152,80.79061
49.266575,49.266575,21.587502,29.49704,86.6641,80.7874
49.319126,49.319126,21.610527,29.098082,85.640816,81.46252
49.371677,49.371677,21.633554,29.182043,85.128982,81.64089
49.424229,49.424229,21.65658,29.249893,83.78599,81.90696
49.47678,49.47678,21.679607,29.415721,86.010312,81.904116
49.529327,49.529327,21.702635,29.699851,86.254214,82.821498
49.581879,49.581879,21.72566,29.656024,86.893222,83.624062
49.63443,49.63443,21.748688,29.692505,85.02554,83.357456
49.686981,49.686981,21.771713,29.645439,87.209408,83.557644
49.739532,49.739532,21.794741,29.455122,86.923424,84.031954
49.792084,49.792084,21.817768,29.347549,88.15069,84.311808
49.844635,49.844635,21.840794,28.9755,88.462722,83.870584
49.897186,49.897186,21.863821,28.640356,91.551512,85.689742
49.949738,49.949738,21.886847,28.74761,90.159836,86.674508
50.002289,50.002289,21.909874,29.230566,90.028286,86.35311
50.05484,50.05484,21.932901,29.195463,90.528492,86.50157
50.107391,50.107391,21.955927,29.300944,91.479616,87.206782
50.159943,50.159943,21.978954,29.132936,92.618954,87.50804
50.212494,50.212494,22.001982,28.851387,90.990048,87.202544
50.265045,50.265045,22.025007,29.454201,91.939706,87.588598
50.317593,50.317593,22.048035,29.263788,93.086298,88.191266
50.370144,50.370144,22.07106,28.726967,94.637654,88.62508
50.422695,50.422695,22.094088,27.332768,94.742878,89.443808
